1PajbAKd8Kg, 0.000, 10.000, /m/01b_21
1e3_ucOz0Ik, 20.000, 30.000, /m/01b_21,/m/09x0r,/m/0dl9sf8,/m/0ytgt
2I2IzXnhmtc, 120.000, 130.000, /m/01b_21
2ZfwEg4JaiU, 0.000, 10.000, /m/01b_21,/m/04rlf,/m/09x0r
4EiskLYtkO4, 0.000, 10.000, /m/01b_21
4WLF2CT0eCM, 40.000, 50.000, /m/01b_21
8l8ghk2CDbE, 190.000, 200.000, /m/01b_21,/m/09x0r
DXUmi-gSRww, 10.000, 20.000, /m/01b_21,/m/068hy,/m/0bt9lr,/m/0jbk
DkCIFy4OWno, 10.000, 20.000, /m/01b_21,/m/09x0r
FTePTiRR_tA, 60.000, 70.000, /m/01b_21,/m/07mzm6
Fu8Ze7MgXb4, 40.000, 50.000, /m/01b_21,/m/09x0r
GbD3F5S_4cQ, 160.000, 170.000, /m/01b_21,/m/01hsr_,/m/02p3nc
IN6FFTlq_8c, 50.000, 60.000, /m/01b_21,/m/09x0r
J6_hvIunXnU, 0.000, 10.000, /m/01b_21,/m/04rlf,/m/07pjwq1,/m/09x0r
K7k1tH72E4k, 130.000, 140.000, /m/01b_21
M6bs_l-76uw, 60.000, 70.000, /m/01b_21,/m/0dl9sf8
Maul1ExUbfk, 20.000, 30.000, /m/01b_21,/m/068hy,/m/09x0r,/m/0bt9lr,/m/0jbk
Nihn9j68pBE, 10.000, 20.000, /m/01b_21
ObbEE5JoDJE, 30.000, 40.000, /m/01b_21,/m/01j3sz,/m/07sq110,/m/09x0r
P4Vp5cMKjL0, 70.000, 80.000, /m/01b_21,/m/04rlf,/m/09x0r,/m/0ytgt
PCRY7zF-Oyg, 120.000, 130.000, /m/01b_21,/m/01j3sz
PQ1NJa6U_Mc, 120.000, 130.000, /m/01b_21,/m/09x0r
QQouRzOM9BM, 20.000, 30.000, /m/01b_21
R0AJ_4W0f8k, 0.000, 10.000, /m/01b_21
UZa8hjP92GM, 20.000, 30.000, /m/01b_21,/m/09x0r
VGUn3tueVLE, 400.000, 410.000, /m/01b_21,/m/04rlf,/m/09x0r
VdaTqi6O4d0, 10.000, 20.000, /m/01b_21,/m/04rlf,/m/0dl9sf8
YTP7YMaEm1s, 20.000, 30.000, /m/01b_21
ZBzNxwQk9XE, 0.000, 10.000, /m/01b_21,/m/07bgp,/m/0jbk
ZvKn6e1AZCU, 0.000, 8.000, /m/01b_21
_AjXY9cHCxA, 150.000, 160.000, /m/01b_21,/m/01kcd,/m/04rlf,/m/04szw,/m/09x0r
aAJuPyUvHn8, 20.000, 30.000, /m/01b_21,/m/09x0r,/m/0dl9sf8,/t/dd00125
ao9oox4OiGU, 10.000, 20.000, /m/01b_21
bCOmV_G0pkk, 100.000, 110.000, /m/01b_21,/m/09x0r
c4MUgtiDtDY, 30.000, 40.000, /m/01b_21,/m/09x0r,/m/0lyf6
j0VnD6MrOjc, 20.000, 30.000, /m/01b_21,/m/03dnzn
lTGJX5f2scI, 80.000, 90.000, /m/01b_21
mVamaP3xUw0, 20.000, 30.000, /m/01b_21,/m/09x0r
oBLLs2UcJbQ, 100.000, 110.000, /m/01b_21,/m/09x0r,/m/0ytgt
ovP1V_dqcKs, 20.000, 30.000, /m/01b_21,/m/09x0r
phcb_32Cmbo, 30.000, 40.000, /m/01b_21,/m/068hy,/m/09x0r,/m/0bt9lr,/m/0dl9sf8,/m/0jbk
qOSdHmfwLF4, 40.000, 50.000, /m/01b_21,/m/04rlf,/m/05fw6t
rsH2f778DnM, 30.000, 40.000, /m/01b_21,/m/0dl9sf8
sNCKIJFUj5I, 80.000, 90.000, /m/01b_21,/m/01hsr_
sspVoY8hZEY, 110.000, 120.000, /m/01b_21,/m/09x0r
y5q8M5iRS4A, 10.000, 20.000, /m/01b_21
zWOD_bnFjF8, 40.000, 50.000, /m/01b_21
-5dCv5_nvU8, 200.000, 210.000, /m/01b_21,/m/09x0r
-Mdd8ysxJ5c, 10.000, 20.000, /m/01b_21,/m/09x0r
-OanE09iAA4, 0.000, 10.000, /m/01b_21,/m/02zsn,/m/09x0r
-THYRau6Prs, 220.000, 230.000, /m/01b_21,/m/09x0r
-TbcaCBA0pI, 50.000, 60.000, /m/01b_21,/m/09x0r,/m/0ytgt
-VbTE2bPuyw, 210.000, 220.000, /m/01b_21,/m/09x0r
-bZrDCS8KAg, 70.000, 80.000, /m/01b_21
-ej81N6Aqo4, 0.000, 8.000, /m/01b_21
-gvLnl1smfs, 90.000, 100.000, /m/01b_21
-hu5q-Nn4BM, 70.000, 80.000, /m/01b_21
-jLQkyDhIxw, 10.000, 20.000, /m/01b_21,/m/09x0r
-jZav58HEOw, 50.000, 60.000, /m/01b_21
-o2vmOibWF4, 310.000, 320.000, /m/01b_21,/m/09x0r
-szeMToBrRE, 60.000, 70.000, /m/01b_21,/m/01j3sz,/m/09x0r
-vu4jJkffMw, 80.000, 90.000, /m/01b_21,/m/01hsr_,/m/09x0r,/m/0ytgt
-yJtuj9EuMg, 190.000, 200.000, /m/01b_21,/m/09x0r
-zeXIY8V1-E, 30.000, 40.000, /m/01b_21,/m/09x0r
05YBpmCnoOQ, 50.000, 60.000, /m/01b_21,/m/09x0r
0AWF9zOT8YY, 150.000, 160.000, /m/01b_21
0Dh4NhF27jc, 140.000, 150.000, /m/01b_21,/t/dd00125
0EaxcUhZWe8, 40.000, 50.000, /m/01b_21,/m/04rlf,/t/dd00125
0MwZQ1-WZyM, 0.000, 10.000, /m/01b_21,/m/02zsn,/m/09x0r
0QOYirw4e3I, 270.000, 280.000, /m/01b_21,/m/09x0r
0VaWzVLOWvE, 120.000, 130.000, /m/01b_21,/m/09x0r
0WPDmbAui6k, 0.000, 10.000, /m/01b_21,/m/09x0r,/t/dd00125
0oUkEze_kmo, 30.000, 40.000, /m/01b_21
0qCvekeAHkc, 210.000, 220.000, /m/01b_21,/m/0261r1
0qktEoIX2Sk, 40.000, 50.000, /m/01b_21
0sDlmseq2Kg, 40.000, 50.000, /m/01b_21,/m/09x0r
0v8MGxNetjg, 10.000, 20.000, /m/01b_21
15lAut5Ry-U, 70.000, 80.000, /m/01b_21,/m/09x0r
1F234DLNRYc, 10.000, 20.000, /m/01b_21
1MSYO4wgiag, 120.000, 130.000, /m/01b_21
1UDFq2InljM, 10.000, 20.000, /m/01b_21
1_oZWCKCGqA, 10.000, 20.000, /m/01b_21
1a1Dx52izTo, 0.000, 10.000, /m/01b_21,/m/09x0r
1j1duoxdxBg, 70.000, 80.000, /m/01b_21
2B_QV_5R4Zo, 10.000, 20.000, /m/01b_21,/m/09x0r
2Bx5e9vwLGk, 60.000, 70.000, /m/01b_21,/m/09x0r
2EFjQPMmAS8, 0.000, 10.000, /m/01b_21,/m/04rlf,/m/09x0r
2Ev7_PQ7IIs, 10.000, 20.000, /m/01b_21,/m/09x0r
2Ez4R0a1icc, 40.000, 50.000, /m/01b_21,/m/09x0r
2Hp1AvKRiOA, 10.000, 20.000, /m/01b_21,/m/01j3sz
2R3J8pH6E6s, 20.000, 30.000, /m/01b_21
2TBWSnIjJMk, 180.000, 190.000, /m/01b_21,/m/01j3sz
2YF-ValJNas, 0.000, 5.000, /m/01b_21
2hbytlgqDx4, 140.000, 150.000, /m/01b_21,/m/09x0r,/m/0jbk
2sMLoW22TeU, 0.000, 10.000, /m/01b_21,/m/09x0r
2xURixj6I5k, 20.000, 30.000, /m/01b_21,/m/04rlf,/m/09x0r
33NSh9cvNvI, 50.000, 60.000, /m/01b_21,/m/09x0r
3Enq7k2IpvQ, 20.000, 30.000, /m/01b_21,/m/01j3sz
3aFProJmJzY, 0.000, 10.000, /m/01b_21,/m/04rlf,/m/09x0r
3bas_0f3RG0, 50.000, 60.000, /m/01b_21,/m/09x0r
3dndmOMZlP8, 100.000, 110.000, /m/01b_21,/m/09x0r
3fz-0wek44c, 0.000, 10.000, /m/01b_21,/m/09x0r,/t/dd00125
3gFShyvw8iU, 70.000, 80.000, /m/01b_21
3nOZJicBKkU, 90.000, 100.000, /m/01b_21,/m/09x0r
3vYB7hZxQgA, 10.000, 20.000, /m/01b_21
42RAaEB-Jgs, 110.000, 120.000, /m/01b_21
43FtU9nHMxc, 0.000, 10.000, /m/01b_21,/m/09x0r
43MaVucRguE, 20.000, 30.000, /m/01b_21,/m/04rlf,/m/09x0r
44nJyshuBYk, 20.000, 30.000, /m/01b_21,/m/068hy,/m/09x0r,/m/0bt9lr,/m/0jbk
46IWQpa2v64, 90.000, 100.000, /m/01b_21,/m/09x0r
4K946lkrL9U, 30.000, 40.000, /m/01b_21
4_0uUL2HPe0, 0.000, 10.000, /m/01b_21,/m/09x0r
4eb2LU3X_zs, 0.000, 10.000, /m/01b_21,/m/04rlf,/m/09x0r
4jQ8ffBxWkk, 70.000, 80.000, /m/01b_21,/m/0261r1,/m/09x0r
4lOXjW8rpxU, 0.000, 10.000, /m/01b_21,/m/01d3sd
4ldID97D-oU, 20.000, 30.000, /m/01b_21,/m/09x0r
4rPNHAf-0Qw, 30.000, 40.000, /m/01b_21,/m/09x0r
4txOUgXllWE, 300.000, 310.000, /m/01b_21,/m/09x0r
4vyk0EIJGWY, 0.000, 10.000, /m/01b_21
4xQcOwfV48Y, 40.000, 50.000, /m/01b_21,/m/09x0r
4yFWcSkby5w, 30.000, 40.000, /m/01b_21
5905FxXz9dI, 30.000, 40.000, /m/01b_21,/m/0dl9sf8
5hmDPsZnmf4, 30.000, 40.000, /m/01b_21
5jznaeFpsJU, 0.000, 10.000, /m/01b_21,/m/09x0r
5l9qTa5OAL8, 220.000, 230.000, /m/01b_21,/m/04rlf
5r9Ixli8hnc, 0.000, 10.000, /m/01b_21
60NM10sTc9c, 20.000, 30.000, /m/01b_21,/m/09x0r,/m/0lyf6
644TTouN1IM, 40.000, 50.000, /m/01b_21,/m/09x0r
64Ymtt704So, 50.000, 60.000, /m/01b_21,/m/01j3sz,/m/09x0r
6K_sU6-dp0Q, 30.000, 40.000, /m/01b_21,/m/04rlf
6OatUcXF4nk, 0.000, 10.000, /m/015lz1,/m/01b_21,/m/09x0r,/t/dd00003
6PdQjCUz-S4, 260.000, 270.000, /m/01b_21,/m/09x0r,/m/0ytgt
6l52kPskdRI, 350.000, 360.000, /m/01b_21,/m/09x0r
6lbkx_tf50g, 220.000, 230.000, /m/01b_21
6nTcsNoIGDw, 50.000, 60.000, /m/01b_21
6pyURnYYMwo, 20.000, 30.000, /m/01b_21,/m/01j3sz
6uW93XzK0Xw, 0.000, 10.000, /m/01b_21,/m/09x0r
7-MnR3o0iAs, 120.000, 130.000, /m/01b_21,/m/09x0r
7GBy8CUVUhU, 0.000, 10.000, /m/01b_21,/m/09x0r
7IMXwGU4Ja0, 40.000, 50.000, /m/01b_21,/m/09x0r
7J9eEukmoIA, 10.000, 20.000, /m/01b_21,/m/09x0r
7QkwmMU4w1M, 220.000, 230.000, /m/01b_21,/m/09x0r,/t/dd00128
7_v8jFFo9SM, 50.000, 60.000, /m/01b_21
7hQ-7sWi8W0, 30.000, 40.000, /m/01b_21
7pqRqXjqeX4, 330.000, 340.000, /m/01b_21,/m/09x0r
7xSTAmKAsFE, 120.000, 130.000, /m/01b_21,/m/0lyf6
82AH3rqGLBI, 40.000, 50.000, /m/01b_21
89ZJ46zuxRY, 40.000, 50.000, /m/01b_21,/m/09x0r,/m/0ytgt
8FEQuq03bgU, 40.000, 50.000, /m/01b_21,/m/01hsr_,/m/09x0r
8FXX56zpypA, 30.000, 40.000, /m/01b_21,/m/02p3nc,/m/09x0r
8IhJllXxBlQ, 30.000, 40.000, /m/01b_21,/m/0dl9sf8
8ieJbzu7ql8, 20.000, 30.000, /m/01b_21,/m/09x0r
8yDeG7e1-9I, 10.000, 20.000, /m/01b_21,/m/09x0r
9-XHdlyHhaQ, 30.000, 40.000, /m/01b_21,/m/02zsn,/m/09x0r,/m/0dl9sf8
96ey8FQVfUY, 10.000, 20.000, /m/01b_21,/m/04rlf,/m/09x0r
9KNqsONT3-Y, 70.000, 80.000, /m/01b_21
9P8waFCqbOQ, 90.000, 100.000, /m/01b_21,/m/09x0r
9WNz_rrwLFE, 20.000, 30.000, /m/01b_21,/m/04rlf,/m/09x0r
9WbIa8U8twQ, 270.000, 280.000, /m/01b_21,/m/09x0r,/t/dd00125
9XSE1pdHwSU, 0.000, 10.000, /m/01b_21
9Zl4VUruA9I, 120.000, 130.000, /m/01b_21
9_PvnvCyKc8, 10.000, 20.000, /m/01b_21
9hl4R896W3Y, 100.000, 110.000, /m/01b_21
9k1ZuVzpF7c, 40.000, 50.000, /m/01b_21,/m/01j3sz,/m/0463cq4
9kY53W3S_dE, 0.000, 10.000, /m/01b_21,/m/09x0r
9pX8I7KzQAI, 10.000, 20.000, /m/01b_21,/m/09x0r,/m/0ytgt
9xpJWu2rNsY, 10.000, 20.000, /m/01b_21,/m/04rlf
9yAGKsPDM14, 80.000, 90.000, /m/01b_21,/m/0lyf6
A2QXDa7s4X4, 50.000, 60.000, /m/01b_21
A5s2ZgwQ1VM, 90.000, 100.000, /m/01b_21
A6Ib82-X4Es, 20.000, 30.000, /m/01b_21,/m/068hy,/m/0bt9lr,/m/0jbk
AZi2U9-bC2E, 50.000, 60.000, /m/01b_21,/m/09x0r
AjbyESmmyts, 70.000, 80.000, /m/01b_21,/m/09x0r,/m/0ytgt
AnFLES8rJfw, 10.000, 20.000, /m/01b_21,/m/09x0r
AnrcPBN7yms, 10.000, 20.000, /m/01b_21,/m/09x0r
Ao0n1cqfFDw, 20.000, 30.000, /m/01b_21,/m/01j3sz,/m/09x0r
B-aFrS47bY8, 0.000, 10.000, /m/01b_21,/m/09x0r
B3QGXdH9ttw, 160.000, 170.000, /m/01b_21,/m/01d3sd,/m/09x0r
B4dHtSx7OGc, 60.000, 70.000, /m/01b_21
BCx-qhmHoZI, 50.000, 60.000, /m/01b_21,/m/09x0r
BG9oq6EH8xE, 30.000, 40.000, /m/01b_21,/m/09x0r
BJZFDdIhBaU, 10.000, 20.000, /m/01b_21
BLZw2_PhyJk, 30.000, 40.000, /m/01b_21,/m/04rlf
BNFqCbChd6s, 50.000, 60.000, /m/01b_21,/m/09x0r
BNRW9HvOF4s, 100.000, 110.000, /m/01b_21
BP7V4MBMekQ, 0.000, 8.000, /m/01b_21
BR6UqPUqYsQ, 50.000, 60.000, /m/01b_21
BXLIBedwtKE, 0.000, 10.000, /m/01b_21,/m/09x0r
BqK5GsVPpB8, 0.000, 10.000, /m/01b_21
BsuzDDKiJ7Q, 10.000, 20.000, /m/01b_21,/m/09x0r
BwfscnYTNnA, 0.000, 10.000, /m/01b_21
CnztZrmOksY, 50.000, 60.000, /m/01b_21,/m/09x0r
D38tInhhxLc, 0.000, 10.000, /m/01b_21,/m/04rlf,/m/09x0r,/m/0ytgt
DHi2oIm3OE8, 50.000, 60.000, /m/01b_21,/m/04rlf,/m/09x0r
De4HdyocTHY, 150.000, 160.000, /m/01b_21
Dm5uh9TB-B0, 20.000, 30.000, /m/01b_21,/m/068hy,/m/0bt9lr,/m/0jbk
DqA9RP4jBYE, 0.000, 10.000, /m/01b_21,/m/09x0r,/t/dd00125
E5guDHgn7XQ, 40.000, 50.000, /m/01b_21
E9P8A5Rvtzk, 0.000, 10.000, /m/01b_21,/m/01j3sz,/m/09x0r
EFLSw2wF1hc, 50.000, 60.000, /m/01b_21,/m/068hy,/m/0bt9lr,/m/0jbk
Ebl4NBkvH8Q, 0.000, 10.000, /m/01b_21,/m/09x0r
EfYf7arPeNk, 110.000, 120.000, /m/01b_21
EksYlo1IXU0, 340.000, 350.000, /m/01b_21,/m/09x0r
EmAi3m5j0QQ, 260.000, 270.000, /m/01b_21
Eq_VLzVJSIo, 0.000, 10.000, /m/01b_21,/m/04rlf,/m/09x0r
F58fP5olXCA, 20.000, 30.000, /m/01b_21,/m/068hy,/m/0bt9lr,/m/0jbk
F6u-BlaMvRI, 0.000, 7.000, /m/01b_21
FZly4XoX_uE, 170.000, 180.000, /m/01b_21,/m/09x0r
F_GGtPcT3Ew, 30.000, 40.000, /m/01b_21
Ff6rl7oz9kU, 30.000, 40.000, /m/01b_21,/m/07pyy8b
Fp-TYthqsss, 90.000, 100.000, /m/01b_21
FvvtH4qSZKg, 20.000, 30.000, /m/01b_21,/m/09x0r
G-CeGK9RIyo, 100.000, 110.000, /m/01b_21,/m/09x0r
G76c9kIiKJw, 30.000, 40.000, /m/01b_21,/m/09x0r
GBmLWnjHIvU, 130.000, 140.000, /m/01b_21,/m/09x0r
GCUK7s5QsNc, 40.000, 50.000, /m/01b_21,/m/068hy,/m/0bt9lr,/m/0jbk
GF0kySmZtG4, 0.000, 10.000, /m/01b_21
GNhSvIOe4m4, 0.000, 10.000, /m/01b_21,/m/01yrx,/m/068hy,/m/0jbk
GQ8QdFix5Do, 20.000, 30.000, /m/01b_21,/m/09x0r
GTiou-fTfQs, 20.000, 30.000, /m/01b_21
GVNZZR1FcNY, 40.000, 50.000, /m/01b_21
GXLEKU6K1uI, 40.000, 50.000, /m/01b_21,/m/01j3sz,/m/09x0r,/m/0ytgt,/t/dd00125
GgapMUN222Q, 90.000, 100.000, /m/01b_21,/m/09x0r
Gk7SshHndEw, 0.000, 10.000, /m/01b_21,/m/09x0r
GzdmC_MiIyg, 10.000, 20.000, /m/01b_21,/m/01yrx,/m/068hy,/m/0jbk
GziKt-tXatU, 10.000, 20.000, /m/01b_21
H6dwenCqdq4, 280.000, 290.000, /m/01b_21,/m/09x0r
H7h37j9fiBc, 40.000, 50.000, /m/01b_21,/m/09x0r
HEKKh5yZ1s8, 200.000, 210.000, /m/01b_21,/m/04rlf,/m/07sq110,/m/09x0r,/m/0ytgt,/t/dd00125
HFThd5POQ8M, 0.000, 10.000, /m/01b_21,/m/068hy,/m/0bt9lr,/m/0jbk
HG594BCWfSc, 0.000, 10.000, /m/01b_21,/m/04rlf,/m/09x0r
HIqJwH6AD9k, 80.000, 90.000, /m/01b_21,/m/09x0r
HKTZ-GafNPg, 10.000, 20.000, /m/01b_21,/m/09x0r,/m/0ytgt
HfBGqT5ss-o, 60.000, 70.000, /m/01b_21
HkyIJ52qIRU, 20.000, 30.000, /m/01b_21,/m/0463cq4
HtdYwnS791U, 160.000, 170.000, /m/01b_21
I8q1M4pl0mY, 50.000, 60.000, /m/01b_21
IAUOYg9aPUM, 160.000, 170.000, /m/01b_21,/m/09x0r,/m/0ytgt
IBcyqQ_MI4Y, 40.000, 50.000, /m/01b_21,/m/09x0r,/m/0ytgt
IE_6K-ZfI64, 10.000, 20.000, /m/01b_21,/m/09x0r
IZ2hLZCF5dw, 0.000, 10.000, /m/01b_21
IZShe6pGKUs, 0.000, 10.000, /m/01b_21,/m/04rlf,/m/09x0r
IfShh9nos4s, 0.000, 10.000, /m/01b_21,/m/01yrx,/m/068hy,/m/0jbk
IopLlgdJjUM, 30.000, 40.000, /m/01b_21
IsWDdGBeR6E, 30.000, 40.000, /m/01b_21,/m/01hsr_,/m/04rlf
ItnOPd_CktY, 20.000, 30.000, /m/01b_21,/m/09x0r
J2clp3ivBeg, 240.000, 250.000, /m/01b_21,/m/01hsr_
JBqwe7ycNJ8, 120.000, 130.000, /m/01b_21,/m/09x0r
JUiy7rvdZ0k, 60.000, 70.000, /m/01b_21
JYNEaE7gS2Y, 0.000, 10.000, /m/01b_21
JbxkRKLvwWY, 60.000, 70.000, /m/01b_21
KCjBVnB5EYc, 0.000, 10.000, /m/01b_21
KCqugHUa6lY, 30.000, 40.000, /m/01b_21
KFzvoBATT2s, 50.000, 60.000, /m/01b_21
KMuCUei_csI, 10.000, 20.000, /m/01b_21
KQdTp3XploQ, 20.000, 30.000, /m/01b_21,/m/09x0r
KbIw9tsxoUk, 10.000, 20.000, /m/01b_21,/m/09x0r,/m/0ytgt
KoUw2T0QKgY, 70.000, 80.000, /m/01b_21,/m/09x0r
KygTjGoFJHc, 10.000, 20.000, /m/01b_21,/m/01yrx,/m/04rlf,/m/068hy,/m/09x0r,/m/0jbk
L-YMkXgbKJk, 50.000, 60.000, /m/01b_21,/m/09x0r
L4ntr1A5Euw, 60.000, 70.000, /m/01b_21,/m/04rlf
L76160fJoNc, 40.000, 50.000, /m/01b_21,/m/0ytgt
LDCHOGG9jqo, 10.000, 20.000, /m/01b_21,/m/0463cq4
LP13Os4Yyi4, 160.000, 170.000, /m/01b_21,/m/068hy,/m/0bt9lr,/m/0jbk
Lp78UxPuWQU, 10.000, 20.000, /m/01b_21,/m/09x0r,/m/0ytgt
LyLfOfTHg9I, 0.000, 10.000, /m/01b_21
M3ZC3WCKkVM, 0.000, 10.000, /m/01b_21,/m/068hy,/m/0bt9lr,/m/0jbk
M5E6gS3pAMo, 10.000, 20.000, /m/01b_21,/m/02p3nc
MHdNcwiHMqM, 0.000, 10.000, /m/01b_21,/m/04rlf
MPRocP3N_E0, 40.000, 50.000, /m/01b_21
MRzEscxFTwk, 20.000, 30.000, /m/01b_21,/m/09x0r
MbFd1mxYqf0, 50.000, 60.000, /m/01b_21
Mcuhv1hT78E, 0.000, 10.000, /m/01b_21,/m/04rlf,/m/09x0r
MdCSz2cZQUM, 30.000, 40.000, /m/01b_21,/m/01j3sz,/m/09x0r
Mhy0SUd3DL8, 190.000, 200.000, /m/01b_21,/m/04rlf
MoQC9PsNnk4, 30.000, 40.000, /m/01b_21,/m/09x0r,/m/0jbk
N8CmyYsEdAs, 40.000, 50.000, /m/01b_21,/m/09x0r
NSBAv1UxHB4, 20.000, 30.000, /m/01b_21,/m/01j3sz,/m/07sq110
NTwtl5HXYTE, 50.000, 60.000, /m/01b_21,/m/09x0r
NfUONhpVA0Q, 30.000, 40.000, /m/01b_21,/m/09x0r
Nfjob0snU5Y, 20.000, 30.000, /m/01b_21,/m/09x0r
Nhv2vLJf0jM, 140.000, 150.000, /m/01b_21,/m/09x0r
Nmw58r0EBVM, 120.000, 130.000, /m/01b_21,/m/0l15bq
NpU2_AfQL-8, 0.000, 5.000, /m/01b_21
O2xO6yB6ggM, 0.000, 10.000, /m/01b_21,/m/09x0r,/m/0ytgt
O61IKTdt2I0, 20.000, 30.000, /m/01b_21
O6Vf6o4V5-8, 0.000, 8.000, /m/01b_21
O7fLmQhzQSA, 20.000, 30.000, /m/01b_21,/m/09x0r,/t/dd00125
O8mumjPXb8g, 30.000, 40.000, /m/01b_21,/m/068hy,/m/0bt9lr,/m/0jbk,/m/0lyf6
OBFgL1gfliI, 60.000, 70.000, /m/01b_21,/m/09x0r
OLSccYz9LW0, 0.000, 7.000, /m/01b_21,/m/09x0r,/m/0ytgt
OQwzQLvGJkI, 10.000, 20.000, /m/01b_21,/m/09x0r,/t/dd00001
OZ-82QD6z6I, 20.000, 30.000, /m/01b_21
OcRian470no, 230.000, 240.000, /m/01b_21,/m/09x0r
OcsJ_i9x5Ac, 80.000, 90.000, /m/01b_21
OhDQA2Tkwxs, 20.000, 30.000, /m/01b_21,/m/09x0r
P4bu1XBDoi4, 180.000, 190.000, /m/01b_21,/m/09x0r
P5ieydOAJQE, 10.000, 20.000, /m/01b_21,/m/09x0r
P8BKuqKM-II, 20.000, 30.000, /m/01b_21
PFQRifJJr1c, 0.000, 10.000, /m/01b_21,/m/01yrx,/m/068hy,/m/0jbk
PGrFrJpgCNM, 10.000, 20.000, /m/01b_21,/m/09x0r
PluONSpL-Tk, 70.000, 80.000, /m/01b_21
PuE_Qe_H-z4, 150.000, 160.000, /m/01b_21,/m/09x0r
PwLeUwl82uI, 30.000, 40.000, /m/01b_21,/m/04rlf,/m/09x0r
Q0hwoDMQYYM, 170.000, 180.000, /m/01b_21
QAZ40aQlNZk, 90.000, 100.000, /m/01b_21
QBeB9-bBVZA, 20.000, 30.000, /m/01b_21,/m/09x0r,/m/0ytgt
QC9481d_cXQ, 0.000, 9.000, /m/01b_21,/m/09x0r,/m/0dl9sf8
QGLBlsCETpw, 20.000, 30.000, /m/01b_21,/m/06bz3,/m/09x0r
QIBUJSmWcM8, 230.000, 240.000, /m/01b_21,/m/09x0r
QSbpYuVty7Y, 100.000, 110.000, /m/01b_21,/m/05zppz,/m/09x0r
QrVmqQnzsFg, 0.000, 10.000, /m/01b_21
Qz9dMRnRs78, 10.000, 20.000, /m/01b_21,/m/09x0r
R4szr2M1wik, 50.000, 60.000, /m/01b_21,/m/09x0r
R5FBHR8FcXw, 130.000, 140.000, /m/01b_21,/m/0ytgt
RDb2VQZZaoo, 20.000, 30.000, /m/01b_21
RGCGo7N4btI, 10.000, 20.000, /m/01b_21,/m/09x0r,/m/0ytgt
RWCSzp1zU8A, 50.000, 60.000, /m/01b_21
RWlyM4veldE, 0.000, 10.000, /m/01b_21,/m/09x0r
RYppdW56lfo, 0.000, 10.000, /m/01b_21,/m/09x0r,/m/0ytgt
RlGwm1F-_Y4, 0.000, 10.000, /m/01b_21,/m/04rlf,/m/09x0r
RnDx23kdlFk, 60.000, 70.000, /m/01b_21,/m/04rlf,/m/09x0r,/m/0ytgt
Roq20aFeabQ, 100.000, 110.000, /m/01b_21,/m/09x0r
RtQsSPgpddA, 10.000, 20.000, /m/01b_21,/m/07s2xch,/m/09x0r
RwE9JAktTvU, 580.000, 590.000, /m/01b_21,/m/09x0r,/t/dd00125
S93-xEv68_4, 10.000, 20.000, /m/01b_21,/m/03q5_w,/m/07sq110,/m/09x0r
SO4etSgwPVE, 10.000, 20.000, /m/01b_21,/m/09x0r,/m/0dl9sf8
TDuqAUQSIFY, 40.000, 50.000, /m/01b_21
Tgq8krfDZ4A, 70.000, 80.000, /m/01b_21
TivYzyJK2-I, 70.000, 80.000, /m/01b_21
TnGWTjiceJ4, 40.000, 50.000, /m/01b_21,/m/01j3sz
TqZLvNd1oaM, 20.000, 30.000, /m/01b_21,/m/09x0r
Tti_OYRWGj4, 0.000, 10.000, /m/01b_21,/m/01hsr_,/m/09x0r
TvpYv6ttXVE, 0.000, 10.000, /m/01b_21,/m/02zsn,/m/09x0r,/m/0ytgt
U26ZJX0UmKo, 0.000, 10.000, /m/01b_21,/m/09x0r
U362CVqe2hc, 200.000, 210.000, /m/01b_21,/m/09x0r
U43jRORy_eo, 110.000, 120.000, /m/01b_21
U53w21v9s8o, 0.000, 10.000, /m/01b_21,/m/01hsr_,/m/09x0r
UIQO3w4-XEI, 90.000, 100.000, /m/01b_21,/m/09x0r
UPNlRqqgQvY, 0.000, 10.000, /m/01b_21,/m/04rlf,/m/09x0r
USCoU2yzu6o, 30.000, 40.000, /m/01b_21
UZmwsn6lj0s, 30.000, 40.000, /m/01b_21
UibT25x1yFs, 10.000, 20.000, /m/01b_21,/m/09x0r
Upak5y2L3dc, 240.000, 250.000, /m/01b_21,/m/09x0r
UxqKt8T55U0, 70.000, 80.000, /m/01b_21,/m/09x0r,/m/0ytgt
UyMap8jaVkc, 30.000, 40.000, /m/01b_21,/m/0dl9sf8
V0aTH2dvnhU, 110.000, 120.000, /m/01b_21,/m/09x0r
V5jE5QHBhmY, 20.000, 30.000, /m/01b_21,/m/02zsn,/m/09x0r
VAQeoyf2C9s, 90.000, 100.000, /m/01b_21,/m/09x0r
VHVH2byCxRE, 530.000, 540.000, /m/01b_21,/m/09x0r,/m/0ytgt
VKjyBq-cctQ, 20.000, 30.000, /m/01b_21,/m/05zppz,/m/09x0r,/m/0ytgt
VT8eD6Ji-Jw, 20.000, 30.000, /m/01b_21,/m/04rlf,/m/09x0r,/m/0dl9sf8
VWj-N0OSGpM, 10.000, 20.000, /m/01b_21,/m/068hy,/m/0bt9lr,/m/0jbk
VYtC_vHEe5Y, 10.000, 20.000, /m/01b_21,/m/0261r1
Vc4OqYmUxYg, 130.000, 140.000, /m/01b_21
VfaQGDzoCt0, 40.000, 50.000, /m/01b_21
ViL1SkWhj-s, 60.000, 70.000, /m/01b_21,/m/09x0r
VlFNQv6fLqQ, 0.000, 10.000, /m/01b_21,/m/04rlf,/m/09x0r,/m/0ytgt
VrplLLZdUCU, 40.000, 50.000, /m/01b_21,/m/09x0r
VzVjieAgz7Y, 50.000, 60.000, /m/01b_21,/m/01j3sz
W5nmsB6QcIo, 10.000, 20.000, /m/01b_21
W81Sp79iYQE, 40.000, 50.000, /m/01b_21
WFZFXXM2J0U, 60.000, 70.000, /m/01b_21
WkaNCu_1l68, 12.000, 22.000, /m/01b_21,/m/09x0r
Wqvuk_-8l9c, 0.000, 10.000, /m/01b_21,/m/09x0r,/m/0ytgt
X0kpF1at8lM, 0.000, 10.000, /m/01b_21,/m/01j3sz,/m/04rlf
X350MvrZ7BU, 40.000, 50.000, /m/01b_21,/m/09x0r
X5lhQ_ZfzWs, 40.000, 50.000, /m/01b_21,/m/07bgp,/m/0ch8v,/m/0jbk
X8w3AvdsQUk, 10.000, 20.000, /m/01b_21
XD4BKqEoQ48, 0.000, 3.000, /m/01b_21
XJ0AWvDcnLM, 50.000, 60.000, /m/01b_21,/m/09x0r
XU_dxNFXH7U, 10.000, 20.000, /m/01b_21,/m/09x0r,/m/0ytgt
XXkHSDZGtrc, 80.000, 90.000, /m/01b_21,/m/09x0r
XYyORaBHgUI, 10.000, 20.000, /m/01b_21,/m/04rlf
XqqfOyDsg8E, 30.000, 40.000, /m/01b_21
XxZ56aZoXRY, 0.000, 10.000, /m/01b_21
XxhVVWDSD-M, 230.000, 240.000, /m/01b_21,/m/0dl9sf8
Xz2GB2WNxaE, 0.000, 10.000, /m/01b_21
YGqPTHy_JF4, 10.000, 20.000, /m/01b_21,/m/09x0r
YPBX6hJ-m6I, 0.000, 10.000, /m/01b_21,/m/09x0r,/m/0c1dj
YT56j7qxW28, 10.000, 20.000, /m/01b_21
YWftwX4Usy0, 450.000, 460.000, /m/015p6,/m/01b_21
Y_GP5irz4YA, 130.000, 140.000, /m/01b_21,/m/09x0r
YaU8IWRqJvM, 110.000, 120.000, /m/01b_21,/m/04rlf,/m/09x0r
YiJiZDYfKWo, 60.000, 70.000, /m/01b_21
Yp8IBDtKWeM, 80.000, 90.000, /m/01b_21,/m/09x0r
YsQvM_feVtQ, 30.000, 40.000, /m/01b_21
YtdWQYALUHI, 0.000, 10.000, /m/01b_21
Z1b2ndKzxeo, 20.000, 30.000, /m/01b_21,/m/04rlf,/m/09x0r
Z3HPqXWn4NU, 210.000, 220.000, /m/01b_21,/m/09x0r
Z459PzdNuCU, 40.000, 50.000, /m/01b_21,/m/09x0r,/t/dd00125
Z9_aOtHejIE, 140.000, 150.000, /m/01b_21,/m/09x0r
ZAL2wU5J-Pc, 40.000, 50.000, /m/01b_21
ZAeVWh4SnoI, 30.000, 40.000, /m/01b_21,/m/09x0r
ZOFhz7Mu4pk, 90.000, 100.000, /m/01b_21,/m/09x0r
ZVADQamUCss, 190.000, 200.000, /m/01b_21,/m/068hy,/m/09x0r,/m/0bt9lr,/m/0jbk
ZWpEbIXZS_Q, 40.000, 50.000, /m/01b_21,/m/0261r1,/m/09x0r,/t/dd00125
ZfGHwS5ZcqY, 0.000, 10.000, /m/01b_21,/m/01j3sz,/m/09x0r,/t/dd00001
ZkKO6zUedsM, 30.000, 40.000, /m/01b_21,/m/0dl9sf8
ZoVIs72ONRA, 70.000, 80.000, /m/01b_21,/m/06bz3,/m/09x0r
Zqpi1BmYz7A, 50.000, 60.000, /m/01b_21,/m/09x0r
ZwC0opd239A, 310.000, 320.000, /m/01b_21
ZzIjzMM1tJI, 10.000, 20.000, /m/01b_21,/m/09x0r
ZzTL9vtJmQI, 110.000, 120.000, /m/01b_21,/m/01hsr_,/m/09x0r
_0WKVY0n8aE, 150.000, 160.000, /m/01b_21,/m/09x0r
_9YKlnmoDjs, 11.000, 21.000, /m/01b_21,/m/04rlf,/m/09x0r
_D3sxdtbFas, 40.000, 50.000, /m/01b_21,/m/09x0r,/m/0lyf6
_FVreKE6Fj8, 50.000, 60.000, /m/01b_21
_HLvqHDclW8, 210.000, 220.000, /m/01b_21
_YqaeNeVQbw, 20.000, 30.000, /m/01b_21,/m/03k3r,/m/04rlf,/m/0ch8v,/m/0jbk
_dfcXBTcmqU, 70.000, 80.000, /m/01b_21,/m/01yrx,/m/068hy,/m/0jbk
_e4GZ6p6nCY, 20.000, 30.000, /m/01b_21,/m/02zsn,/m/09x0r,/m/0ytgt,/t/dd00005
_hptdlGvSV4, 10.000, 20.000, /m/01b_21
_o5xtnLwtRc, 0.000, 10.000, /m/01b_21,/m/01j3sz
_qDSR5skY0c, 70.000, 80.000, /m/01b_21,/m/09x0r
_zrAnhgYzSo, 10.000, 20.000, /m/01b_21,/m/09x0r
a0WWg7AaBdw, 30.000, 40.000, /m/01b_21
a0WbXTZ5xXE, 30.000, 40.000, /m/01b_21,/m/09x0r
a13Tb8SfzTY, 50.000, 60.000, /m/01b_21,/m/03q5_w
a1Fl2okChlw, 0.000, 10.000, /m/01b_21
a6KmgeHZK0I, 0.000, 10.000, /m/01b_21,/m/09x0r
a7HQfWUQepQ, 260.000, 270.000, /m/01b_21,/m/09x0r
a7rf1WCot30, 10.000, 20.000, /m/01b_21
a8qOv7R0UkI, 30.000, 40.000, /m/01b_21
aEweYcCGvkU, 0.000, 10.000, /m/01b_21
aHXJqoRkUF0, 90.000, 100.000, /m/01b_21,/m/07s0dtb,/m/09x0r
aJdyPN00-bM, 0.000, 10.000, /m/01b_21,/m/04rlf,/m/0dwtp
aPK7X-vq9HU, 70.000, 80.000, /m/01b_21,/m/09x0r,/m/0ytgt
aTHVNwrEVxI, 130.000, 140.000, /m/01b_21
acGYSVFY7U0, 140.000, 150.000, /m/01b_21,/m/05zppz,/m/09x0r
aeWiKB1oEKo, 0.000, 10.000, /m/01b_21,/m/09x0r
akiBCisKkkw, 580.000, 590.000, /m/01b_21,/m/09x0r,/m/0ytgt
aozZHgm6Qfg, 0.000, 9.000, /m/01b_21,/m/09x0r,/m/0dl9sf8
b0qNniklhsY, 0.000, 10.000, /m/01b_21,/m/09x0r
b3P2awI0fts, 10.000, 20.000, /m/01b_21
bEah4B4VQwg, 10.000, 20.000, /m/01b_21,/m/0463cq4
bHrcxPKU4A4, 20.000, 30.000, /m/01b_21
bOranQrwlJI, 10.000, 20.000, /m/01b_21,/m/09x0r,/m/0ytgt,/t/dd00125
bRM1wpEEdgI, 0.000, 5.000, /m/01b_21
bVeS9zItALA, 10.000, 20.000, /m/01b_21
bXn8tOyzSlM, 440.000, 450.000, /m/01b_21
bbbKtEqT5ZM, 10.000, 20.000, /m/01b_21
bv35U83Ob1o, 70.000, 80.000, /m/015lz1,/m/01b_21
c-yI09r8D5w, 10.000, 20.000, /m/01b_21,/m/0dl9sf8
c0w4T2qA_ZA, 20.000, 30.000, /m/01b_21,/m/09x0r,/t/dd00126
c4opJU79z10, 190.000, 200.000, /m/01b_21,/m/09x0r
c5i-_MCJItg, 100.000, 110.000, /m/01b_21,/m/04rlf
cK_hw1SsdEM, 10.000, 20.000, /m/01b_21,/m/09x0r,/m/0ytgt
cL5zgrlRceI, 80.000, 90.000, /m/01b_21,/m/09x0r,/t/dd00001
cLBKVLHFABc, 10.000, 20.000, /m/01b_21,/m/04rlf
cQVbXeuLmRg, 20.000, 30.000, /m/01b_21,/m/09x0r
cTcA8Pkeu2E, 560.000, 570.000, /m/01b_21,/m/01j3sz,/m/09x0r
cTxs2Ew0RTE, 40.000, 50.000, /m/01b_21,/m/09x0r,/m/0ytgt
cfRNCeu1azs, 230.000, 240.000, /m/01b_21,/m/04rlf,/m/09x0r
ch52-gNqnTg, 10.000, 20.000, /m/01b_21
cl5Bt-rqtZ4, 50.000, 60.000, /m/01b_21,/m/04rlf,/m/09x0r
czpeupUmKZM, 20.000, 30.000, /m/01b_21
d-6P7XPoRvk, 10.000, 20.000, /m/01b_21
d-dO9Y_nGaA, 20.000, 30.000, /m/01b_21,/m/09x0r,/m/0dl9sf8,/m/0ytgt
d2wkdrScerU, 30.000, 40.000, /m/01b_21
d4tR-uPEiyA, 0.000, 10.000, /m/01b_21
dFmT9hZ5sbA, 0.000, 10.000, /m/01b_21
dU5HKK7V3wk, 30.000, 40.000, /m/01b_21,/m/068hy,/m/0bt9lr,/m/0jbk
dUFlhQxWr5E, 120.000, 130.000, /m/01b_21,/m/09x0r
dWkml_CdR5w, 270.000, 280.000, /m/01b_21,/m/068hy,/m/0bt9lr,/m/0jbk
d_BRdG1JOAA, 30.000, 40.000, /m/01b_21,/m/09x0r,/m/0ytgt,/t/dd00125
daMTXI-4LnE, 0.000, 10.000, /m/01b_21,/m/09x0r
dcPIGsnBYKg, 10.000, 20.000, /m/01b_21,/m/01j3sz,/m/09x0r
ddUS4K1-v48, 10.000, 20.000, /m/01b_21,/m/09x0r
dvfNeive9Vs, 10.000, 20.000, /m/01b_21,/m/09x0r,/m/0ytgt
dx0JBSCuHSs, 0.000, 10.000, /m/01b_21
e35sr6gOG9A, 170.000, 180.000, /m/01b_21,/m/068hy,/m/09x0r,/m/0bt9lr,/m/0jbk,/t/dd00125
e3JhqBg64HE, 180.000, 190.000, /m/01b_21
e819MDX52Hg, 130.000, 140.000, /m/01b_21,/m/09x0r
eFMExkx5v0Y, 30.000, 40.000, /m/01b_21,/m/07pqc89,/m/0dl9sf8
eL4TsYpwgAE, 50.000, 60.000, /m/01b_21,/m/09x0r
eMFdwCv72T8, 0.000, 10.000, /m/01b_21,/m/0lyf6
eMbVhgCFJQg, 50.000, 60.000, /m/01b_21
eWbCcLmn1Sw, 30.000, 40.000, /m/01b_21,/m/068hy,/m/0bt9lr,/m/0jbk
eaOpUkcJTys, 20.000, 30.000, /m/01b_21,/m/0939n_,/m/09x0r,/m/0ytgt
eeGCmxvc6Us, 60.000, 70.000, /m/01b_21,/m/09x0r
enIJGjihMT8, 20.000, 30.000, /m/01b_21
es4irq9lyJI, 20.000, 30.000, /m/01b_21
f1zWL7xBcCo, 20.000, 30.000, /m/01b_21
f4CxHwqbn3M, 100.000, 110.000, /m/01b_21
f8GAvKPNK8Y, 20.000, 30.000, /m/01b_21,/m/05zppz,/m/09x0r
fAgL29IrM7Y, 50.000, 60.000, /m/01b_21
fHvPzjInHuI, 20.000, 30.000, /m/01b_21
fJMcXN1UK9o, 170.000, 180.000, /m/01b_21,/m/09x0r
fLGJTNMY1p0, 200.000, 210.000, /m/01b_21,/m/09x0r
fODLQa2BJCo, 350.000, 360.000, /m/01b_21
fU6GO-vcTb0, 40.000, 50.000, /m/01b_21,/m/068hy,/m/0bt9lr,/m/0jbk
fUBBh2iVC9U, 210.000, 220.000, /m/01b_21,/m/01j3sz,/m/02zsn,/m/09x0r
fUdDA64eeFo, 250.000, 260.000, /m/01b_21,/m/09x0r
fVY2s4FU_pI, 200.000, 210.000, /m/01b_21,/m/09x0r
ffRSeubjW-E, 50.000, 60.000, /m/01b_21,/m/01j3sz,/m/07r660_
fom1o4tKsFU, 50.000, 60.000, /m/01b_21
fsKdJ0u2Nog, 0.000, 10.000, /m/01b_21,/m/07phhsh
fzKgIf5fNWk, 110.000, 120.000, /m/01b_21
g9EGM-c3TbI, 0.000, 10.000, /m/01b_21,/m/01yrx,/m/068hy,/m/0jbk
gBAhZhmhU6g, 0.000, 10.000, /m/01b_21,/m/09x0r
gCI4upmqTg8, 30.000, 40.000, /m/01b_21
gCYap0uxGjE, 10.000, 20.000, /m/01b_21,/t/dd00005
gM4vFz4Zxtk, 20.000, 30.000, /m/01b_21,/m/02p3nc,/m/09x0r
gin94Xzg03g, 10.000, 20.000, /m/01b_21,/m/09x0r
gqN5mKCWn58, 0.000, 10.000, /m/01b_21
gus1GHeS7IE, 0.000, 10.000, /m/01b_21,/m/09x0r
h31q1F4HeD4, 50.000, 60.000, /m/01b_21,/m/09x0r
h8D0rjoXQMY, 70.000, 80.000, /m/01b_21,/m/068hy,/m/0bt9lr,/m/0jbk
h8kb1_e2cLg, 130.000, 140.000, /m/01b_21,/m/09x0r
hHZDpZecn_0, 10.000, 20.000, /m/01b_21,/m/04rlf,/m/09x0r
hIN-LwWLuyM, 80.000, 90.000, /m/01b_21,/m/09x0r
hSQx9PfDrmc, 20.000, 30.000, /m/01b_21
hkcxCXz_m5s, 40.000, 50.000, /m/01b_21,/m/09x0r,/m/0dl9sf8
hmDLx9kgdo8, 30.000, 40.000, /m/015p6,/m/01b_21,/m/09b5t,/m/09x0r
hovQK26tr5U, 120.000, 130.000, /m/01b_21,/m/09x0r
hyXmrD82hLU, 210.000, 220.000, /m/01b_21,/t/dd00125
iEFUSZ4sQeY, 20.000, 30.000, /m/01b_21,/m/09x0r
iHJoLgjAZPE, 40.000, 50.000, /m/01b_21,/m/01j3sz,/m/09x0r
igk8O6OfwdQ, 90.000, 100.000, /m/01b_21,/m/09x0r,/m/0ytgt,/t/dd00125
irG-554yRxY, 0.000, 10.000, /m/01b_21,/m/01yrx,/m/068hy,/m/09x0r,/m/0jbk
is7iUfqD5FE, 110.000, 120.000, /m/01b_21,/m/04rlf,/m/09x0r
j1JtHfcLG14, 120.000, 130.000, /m/01b_21
j4e1wHFEbaA, 10.000, 20.000, /m/01b_21,/m/09x0r
j4zq7JrCET0, 80.000, 90.000, /m/01b_21,/m/09x0r
j7MwYU5VH1s, 70.000, 80.000, /m/01b_21,/m/09x0r
jATCv2v-iXo, 20.000, 30.000, /m/01b_21
jMyY06bjVRA, 80.000, 90.000, /m/01b_21,/m/07q0yl5,/m/09x0r
jNRq5EwaLn8, 0.000, 8.000, /m/01b_21
jZyqNN6WCiw, 20.000, 30.000, /m/015lz1,/m/01b_21,/m/09x0r,/m/0ytgt
jd2ENRtbxRQ, 10.000, 20.000, /m/01b_21
jjf7LZxrwK8, 20.000, 30.000, /m/01b_21
jl-bMwj6ZQ4, 40.000, 50.000, /m/01b_21
k1l1cm6nGOo, 10.000, 20.000, /m/01b_21
k4IeljH1Leg, 0.000, 10.000, /m/01b_21,/m/01hsr_,/m/028v0c,/t/dd00125
kWc9LXvShF4, 0.000, 10.000, /m/01b_21
k_0J26cnYpw, 40.000, 50.000, /m/01b_21
kkmpw7ERY-g, 120.000, 130.000, /m/01b_21
kmfFzx0vPL4, 130.000, 140.000, /m/01b_21,/m/09x0r,/m/0ytgt
kzNWFBPmNGE, 50.000, 60.000, /m/01b_21
l4t0sPybWEc, 10.000, 20.000, /m/01b_21,/m/09x0r
l9yY9jY4fwk, 190.000, 200.000, /m/01b_21,/m/01j3sz,/m/09x0r
lHlBf3g5dwk, 0.000, 10.000, /m/01b_21,/m/068hy,/m/0bt9lr,/m/0jbk
lN6H0_PqKME, 10.000, 20.000, /m/01b_21,/m/01hsr_
lWh7vivMsjA, 10.000, 20.000, /m/01b_21
lddQ1ertGtQ, 90.000, 100.000, /m/01b_21,/m/09x0r,/t/dd00125
lj3UH3ZE2lg, 0.000, 10.000, /m/01b_21,/m/09x0r
lyKZIADD0Ms, 210.000, 220.000, /m/01b_21,/m/09x0r
m4-scLAjjTY, 20.000, 30.000, /m/01b_21,/m/03q5_w
mfyd258NCrM, 10.000, 20.000, /m/01b_21,/m/068hy,/m/0bt9lr,/m/0jbk
mnVH8POcOoc, 200.000, 210.000, /m/01b_21,/m/09x0r
mtH-Z8fNwDM, 0.000, 10.000, /m/01b_21
n0YvUzf6yaM, 0.000, 10.000, /m/01b_21,/m/09x0r
n4eU5yqGMfM, 30.000, 40.000, /m/01b_21
n6HEkpSJtu0, 0.000, 10.000, /m/01b_21,/m/09x0r
nIBRNVTxo8w, 0.000, 10.000, /m/01b_21,/m/09x0r
nL3LUxrWEpA, 170.000, 180.000, /m/01b_21,/m/09x0r
nW9VFd43pFI, 80.000, 90.000, /m/01b_21
nge5pZwMi6w, 20.000, 30.000, /m/01b_21,/m/09x0r
njVQaT_56uM, 0.000, 10.000, /m/01b_21
nkwMqCHldFo, 20.000, 30.000, /m/01b_21,/m/0dl9sf8
nz0qYNbFGD4, 30.000, 40.000, /m/01b_21,/m/09x0r,/m/0ytgt
o-TJISpYLFc, 50.000, 60.000, /m/01b_21
o57a81w9c-k, 100.000, 110.000, /m/01b_21,/m/09x0r
o5oS4ruiZ6g, 180.000, 190.000, /m/01b_21,/m/09x0r
o8zJ_AjJ388, 10.000, 20.000, /m/01b_21,/m/04rlf,/m/09x0r
oGf-eDCiQfg, 70.000, 80.000, /m/01b_21,/m/01j3sz,/m/09x0r,/m/0ytgt
oRxuEQ25RO8, 0.000, 10.000, /m/01b_21,/m/09x0r
oUUfZn8K_pg, 0.000, 10.000, /m/01b_21
oVE7t_RU8V8, 40.000, 50.000, /m/01b_21
oYupDOgVGRw, 10.000, 20.000, /m/01b_21,/m/01yrx,/m/068hy,/m/0jbk
ogNIvnKY1wI, 110.000, 120.000, /m/01b_21,/m/09x0r
ogXzNVUU3Xk, 20.000, 30.000, /m/01b_21,/m/09x0r,/m/0ytgt
orYVDqD1La0, 310.000, 320.000, /m/01b_21,/m/09x0r,/t/dd00125
p4WDOafMSCc, 30.000, 40.000, /m/01b_21
pBFMlOQyXCg, 0.000, 10.000, /m/01b_21,/m/07s04w4,/m/09x0r
pHwZ5S5PmQs, 0.000, 10.000, /m/01b_21,/m/09x0r
pLCA4ZG4_M0, 10.000, 20.000, /m/01b_21
pMse0rtj68g, 20.000, 30.000, /m/01b_21,/m/07mzm6
po9kQ6lrnyQ, 10.000, 20.000, /m/01b_21,/m/09x0r
pq1WkvfUZ7I, 10.000, 20.000, /m/01b_21,/m/09x0r,/m/0ytgt
ptgEmyUY818, 0.000, 10.000, /m/01b_21,/m/09x0r
q1sDGR5Gpzk, 170.000, 180.000, /m/01b_21,/m/09x0r
q4y4UvCKRBg, 0.000, 10.000, /m/01b_21,/m/09x0r
q6m4jQqxJx8, 50.000, 60.000, /m/01b_21
qHxgEpRG1Vs, 30.000, 40.000, /m/01b_21,/m/01hsr_,/m/09x0r
qR3fJNSRvJ8, 10.000, 20.000, /m/01b_21,/m/01j3sz,/m/09x0r
qRkBOI01JcE, 0.000, 10.000, /m/01b_21,/m/09x0r
qcvrLF5-Zno, 250.000, 260.000, /m/01b_21,/m/09x0r
qj-s6ZcgytA, 170.000, 180.000, /m/01b_21,/m/04rlf,/m/09x0r
quwLxxbH2Pg, 10.000, 20.000, /m/01b_21,/m/09x0r
r-9_WkeHiCU, 80.000, 90.000, /m/01b_21,/m/01j3sz,/m/0261r1
r2xZJz2rfQQ, 190.000, 200.000, /m/01b_21
rBdCfnD819k, 10.000, 20.000, /m/01b_21
rIvPirweE1I, 20.000, 30.000, /m/01b_21,/m/09x0r,/m/0ytgt
rOrd2cxQGo4, 550.000, 560.000, /m/01b_21,/m/0838f,/m/09x0r
rR44bkHG36E, 0.000, 10.000, /m/01b_21
rSKjBDzagRU, 60.000, 70.000, /m/01b_21,/m/04rlf,/m/09x0r
rTWz-KoNhyQ, 250.000, 260.000, /m/01b_21
rWjU8DLj8vE, 160.000, 170.000, /m/01b_21
rX7_r53uFNo, 20.000, 30.000, /m/01b_21,/m/09x0r
rcAn5oRDPAw, 0.000, 10.000, /m/01b_21,/m/09x0r
rd_ZnOahj5o, 100.000, 110.000, /m/01b_21,/m/01j3sz,/m/09x0r
reejLuXlnsk, 0.000, 10.000, /m/01b_21,/m/0jbk,/t/dd00129
rkF_uMizqoc, 10.000, 20.000, /m/01b_21
rllrJN6IFJs, 80.000, 90.000, /m/01b_21
sBQmYKx44vw, 40.000, 50.000, /m/01b_21
sBoYLyiSQrQ, 0.000, 10.000, /m/01b_21,/m/09x0r
sD6WaQY_d6w, 170.000, 180.000, /m/01b_21,/m/02zsn,/m/09x0r,/t/dd00125
sHdnsxOtVVI, 170.000, 180.000, /m/01b_21
sNKW1Kl39Jo, 50.000, 60.000, /m/01b_21
sPpVPwWdIag, 130.000, 140.000, /m/01b_21,/m/02cz_7
sUFGh7zp9D0, 280.000, 290.000, /m/01b_21,/m/01hsr_
scNubtTugaY, 0.000, 9.000, /m/01b_21
sjm1E5xLiNI, 0.000, 10.000, /m/015p6,/m/01b_21,/m/04rlf,/m/09x0r
svGU4Rt3krw, 20.000, 30.000, /m/01b_21
t244-6fRm9g, 30.000, 40.000, /m/01b_21,/m/02zsn,/m/09x0r
tPSB08-UtTI, 30.000, 40.000, /m/01b_21,/m/09x0r
tUUkucw-BOY, 80.000, 90.000, /m/01b_21,/m/09x0r
tVo18pzri74, 80.000, 90.000, /m/01b_21
ts4bZHaOMgE, 100.000, 110.000, /m/01b_21,/m/09x0r
tvB2fbCLWV8, 0.000, 10.000, /m/01b_21,/m/04rlf,/m/09x0r,/m/0ytgt
txVBnPl9KPM, 0.000, 10.000, /m/01b_21,/m/068hy,/m/0bt9lr,/m/0jbk
txjgTY8m29I, 10.000, 20.000, /m/01b_21
uCwjRQRkbTI, 10.000, 20.000, /m/01b_21,/m/01hsr_,/m/09x0r
uFBONka7IYA, 40.000, 50.000, /m/01b_21,/m/09x0r
uGTwqElP8p8, 40.000, 50.000, /m/015p6,/m/01b_21,/m/09x0r
uTOrHGJQfqQ, 30.000, 40.000, /m/01b_21,/m/09x0r,/m/0ytgt
uY_7LOFgLms, 30.000, 40.000, /m/01b_21,/m/01j3sz
uazNcOHmWwM, 40.000, 50.000, /m/01b_21
ujvutchAWUo, 80.000, 90.000, /m/01b_21,/m/068hy,/m/09x0r,/m/0bt9lr
uuKQshLRnvk, 50.000, 60.000, /m/01b_21,/m/09x0r
uzTkFQ360mE, 30.000, 40.000, /m/01b_21,/m/01j3sz
v2nem-VUHNE, 10.000, 20.000, /m/01b_21
vA-eGyCdVBE, 10.000, 20.000, /m/01b_21
vA_AIILl76w, 30.000, 40.000, /m/01b_21
vJQxPaHXXnY, 200.000, 210.000, /m/01b_21,/m/09x0r
vJjJKOJChBs, 100.000, 110.000, /m/01b_21,/m/09x0r
vMfc_I1Is_0, 40.000, 50.000, /m/01b_21,/m/09x0r
vPOiW5hvj2A, 10.000, 20.000, /m/01b_21,/m/09x0r
vQbG8p9ryRI, 270.000, 280.000, /m/01b_21,/m/09x0r,/t/dd00126
vTxLao_7NQU, 120.000, 130.000, /m/01b_21,/m/0dl9sf8
vYV0EdRotgM, 20.000, 30.000, /m/01b_21,/m/01j3sz
vYsf2UqXHWU, 20.000, 30.000, /m/01b_21,/m/09x0r
vcN1jyBBmls, 0.000, 10.000, /m/01b_21
vrvBEAAre4k, 180.000, 190.000, /m/01b_21,/m/09x0r
vtHMZNOMlb4, 320.000, 330.000, /m/01b_21,/m/02_nn,/m/09x0r
vwdFUtLKZzU, 40.000, 50.000, /m/01b_21
vwe0wLJpgYU, 70.000, 80.000, /m/01b_21
vzC5DWnQ0IM, 0.000, 10.000, /m/01b_21,/m/01yrx,/m/068hy,/m/0jbk
w2aaJVD8EqE, 250.000, 260.000, /m/01b_21,/m/09x0r
wEIr3uj5QdE, 0.000, 10.000, /m/01b_21,/m/09x0r
wFt2ccttPfA, 60.000, 70.000, /m/01b_21
wL4MvSEl2CU, 0.000, 10.000, /m/01b_21,/m/04rlf,/m/09x0r,/m/0ytgt
wPMLT4OICTU, 0.000, 10.000, /m/01b_21
wi-M_tM0M1Q, 0.000, 10.000, /m/01b_21
wqE1xKIehEA, 0.000, 10.000, /m/01b_21,/m/09x0r,/t/dd00126
wrwXFbFvRDE, 40.000, 50.000, /m/01b_21
x2ZyKE89nzw, 0.000, 10.000, /m/01b_21,/m/0463cq4
x7-Zj2E-CqY, 50.000, 60.000, /m/01b_21
xCRumdDLFj0, 90.000, 100.000, /m/01b_21,/m/09x0r
xWmBXnK7Al8, 0.000, 10.000, /m/01b_21,/m/01j3sz
xk57B6zi6hA, 130.000, 140.000, /m/01b_21,/m/09x0r,/m/0ytgt
xlfAuqahH3g, 80.000, 90.000, /m/01b_21
xoGXe-eT_Sw, 110.000, 120.000, /m/01b_21,/m/09x0r
xp-tW5uzXaA, 30.000, 40.000, /m/01b_21,/m/0dl9sf8
xrinnBnPDfo, 40.000, 50.000, /m/01b_21
xuTMAOlsAm0, 30.000, 40.000, /m/01b_21,/m/09x0r,/m/0ytgt,/t/dd00126
y1btqvriB6Y, 60.000, 70.000, /m/01b_21,/m/09x0r
y56_hztOMxo, 70.000, 80.000, /m/01b_21,/m/09x0r,/t/dd00125
y5KNUJnMt1I, 10.000, 20.000, /m/01b_21,/m/09x0r
yEYHRO-kTHM, 30.000, 40.000, /m/01b_21
yIC-CoFV9ZI, 50.000, 60.000, /m/01b_21
yLGcTSCePzI, 0.000, 7.000, /m/01b_21,/m/01j3sz
yP9hrvAOH0o, 10.000, 20.000, /m/01b_21,/m/09x0r
yQb6MnJxL78, 10.000, 20.000, /m/01b_21
ydOGlFIbDNc, 0.000, 10.000, /m/01b_21
yoNzg8rWm7k, 0.000, 10.000, /m/015p6,/m/01b_21,/m/068hy
ys77k1s9eX0, 280.000, 290.000, /m/01b_21,/m/09x0r
z1AqT-8Yu3A, 10.000, 20.000, /m/01b_21
z7GzHi6OnDk, 50.000, 60.000, /m/01b_21,/t/dd00125
zKefDPSisIY, 0.000, 10.000, /m/01b_21
zOgSrN9r-_o, 0.000, 10.000, /m/01b_21,/m/09x0r
zQY5ZUYM6IA, 10.000, 20.000, /m/015p6,/m/01b_21,/m/068hy
zT_o5ERSytk, 70.000, 80.000, /m/01b_21,/m/09x0r,/m/0ytgt
zcqAYD8Ofgo, 330.000, 340.000, /m/01b_21,/m/04rlf,/m/09x0r
--U7joUcTCo, 0.000, 10.000, /m/01b_21
0iiwZ2_9Vi8, 90.000, 100.000, /m/01b_21
0mZQ6Q-viPw, 10.000, 20.000, /m/01b_21
130v5XJl8G0, 70.000, 80.000, /m/01b_21,/m/09x0r,/m/0ytgt
1Xmw9VUzvLY, 150.000, 160.000, /m/015p6,/m/01b_21
39IZIbmQPzA, 40.000, 50.000, /m/01b_21,/m/01yrx,/m/068hy,/m/09x0r,/m/0jbk,/m/0lyf6
3Liy9uBgsQM, 60.000, 70.000, /m/01b_21,/m/04rlf,/m/09x0r
3id3zRRZBVM, 50.000, 60.000, /m/01b_21
40fIOkLK3j4, 60.000, 70.000, /m/01b_21
5wbc84KnDS0, 60.000, 70.000, /m/01b_21,/m/0463cq4,/m/09x0r
9h3a7fN0f-c, 240.000, 250.000, /m/01b_21
AIVt3e5EVtc, 70.000, 80.000, /m/01b_21,/m/04rlf,/m/09x0r,/t/dd00125
AlPu_yxLT2g, 230.000, 240.000, /m/01b_21,/t/dd00125
BZU01hhyVKs, 480.000, 490.000, /m/01b_21,/m/09x0r
DYTLct-5tVs, 0.000, 10.000, /m/01b_21
HMnF8n9c5-Y, 30.000, 40.000, /m/01b_21,/m/0463cq4
IYllzXfvkmY, 20.000, 30.000, /m/01b_21
IzPMbIll3LE, 80.000, 90.000, /m/01b_21
JKUSKYdYo9w, 0.000, 10.000, /m/01b_21
JLtieDCSa6Y, 0.000, 10.000, /m/01b_21,/m/09x0r
Kqt4BiLQeeI, 220.000, 230.000, /m/01b_21,/m/09x0r,/m/0ytgt
MVLEz28ZdFU, 10.000, 20.000, /m/01b_21,/m/09x0r,/t/dd00125
NjazulpHxNY, 20.000, 30.000, /m/01b_21,/m/01yrx,/m/068hy,/m/0jbk
OSlYn9hTRFA, 30.000, 40.000, /m/01b_21,/m/0dl9sf8
OwAUGABGrqk, 30.000, 40.000, /m/01b_21,/m/09x0r
PyXQVNaAbHc, 30.000, 40.000, /m/01b_21,/m/0463cq4,/m/09x0r,/t/dd00002
RFeU64gTvGQ, 0.000, 10.000, /m/01b_21
RXJxtAHtkcs, 0.000, 10.000, /m/01b_21,/m/09x0r,/m/0ytgt
Rr84-EZvO0U, 90.000, 100.000, /m/01b_21,/m/01yrx,/m/02yds9,/m/068hy,/m/0jbk
Rtg1SUrxOPY, 130.000, 140.000, /m/01b_21
S3oZrMGDMMw, 10.000, 20.000, /m/01b_21,/m/09x0r
TA-iHSeEUYk, 40.000, 50.000, /m/01b_21
TB3VhNczX88, 10.000, 20.000, /m/01b_21,/m/09x0r,/m/0ytgt
TjP-9AlPShg, 140.000, 150.000, /m/015p6,/m/01b_21
X8yUSV4oqoU, 30.000, 40.000, /m/01b_21,/m/0dl9sf8
YsUCzO0gfro, 60.000, 70.000, /m/01b_21,/m/09x0r
_-_5kbw2Mcw, 0.000, 10.000, /m/01b_21,/m/04rlf,/m/09x0r
fIer0uCLqSM, 30.000, 40.000, /m/01b_21,/m/09x0r
iUtE4nRvBsM, 40.000, 50.000, /m/01b_21,/m/01j3sz,/m/09x0r
kOheqjodDmw, 50.000, 60.000, /m/01b_21,/m/09x0r,/t/dd00125
lH6ym1UrlnE, 120.000, 130.000, /m/01b_21,/m/07mzm6
nBuw_KZXT_k, 10.000, 20.000, /m/01b_21
pzsV0Sr5hrE, 0.000, 10.000, /m/01b_21,/m/09x0r
w4enmhllLkQ, 30.000, 40.000, /m/01b_21
wuvn-vp5InE, 0.000, 10.000, /m/01b_21
yMNs4gCJn1c, 20.000, 30.000, /m/01b_21,/m/09x0r
